id,category
053d37a3-d8e9-4c5c-931c-be23e3d44838.png,drop
bebd5d43-1784-4ea1-8c62-19056bce1701.png,drop
dc0dc89e-0728-4c00-bfd3-b3f17f41b9bd.png,drop
6f2ae95f-9028-41b4-9f2f-29503584ae75.png,drop
8b0d6250-946b-45ce-946d-83dff0f36c82.png,drop
ac14d5e1-b62a-49cb-b7ae-cc5e5e2cee8c.png,drop
fd380cee-c8c2-45f0-93d4-f4bfebd48314.png,drop
8304a775-aad5-408b-9a47-7e20211bd8fe.png,drop
f740f09e-4aba-40f2-b915-2d09ef5c2eba.png,drop
784d9ee3-28f7-4e0c-9162-c69775405a52.png,drop
f9d2c318-4925-4e03-8885-941a773b6fdd.png,drop
07d5dc30-420a-47fc-bce2-c9a5d21aba1b.png,drop
dff99b33-a097-4408-bff8-2f2c1234b93e.png,drop
a7555be8-efdd-4319-9ab2-5f812920d546.png,drop
fa10f1d3-084e-4cc6-b67d-7e8c71db4e3f.png,drop
86fe0013-3d26-4fe8-af3b-5729ab600f02.png,drop
5c1b92f5-8e6b-41dc-867a-12de11cf5e8b.png,drop
37856073-c3d8-4f24-a6a5-f615fc84a5c4.png,drop
fcafbc92-0045-43c1-ab86-ccaaf97737e7.png,drop
ae71b464-1a74-478b-8cd5-2fd23b185868.png,drop
0150f9a0-6862-4eba-aee2-a215bcf0991c.png,drop
bb6cfe4c-5c2f-4455-b249-7291023defa7.png,drop
be73bbaf-a3a0-488d-b6ab-56c817b4e0f1.png,drop
5b14ead9-6d8d-49e7-ab58-813d7be8b021.png,drop
d954a5fb-393a-421a-aa6f-24b403372c62.png,drop
06c081d3-cdb3-417c-a6ef-89962167be7f.png,drop
8184ed5c-0d84-483b-a831-9ebb538f9a07.png,drop
78a2043f-9725-4283-b622-b4708aee50d2.png,drop
b32912e2-f36a-4f01-9753-816cdc75e7f8.png,drop
ba077543-1c59-486d-89ec-125769f63211.png,drop
32ec5410-59bb-406e-874f-0339476613f1.png,drop
49e2c911-8ff6-45ee-a58d-96fc7aa67687.png,drop
086f6df8-9a7e-4c63-a432-df024d054f68.png,drop
3f5c8cae-a22b-46d8-be96-30eb83d822bc.png,drop
f8b8e1b9-8136-4982-a48f-3942b37461ca.png,drop
8ddfc668-f510-4472-ab59-9a1021cd6a98.png,drop
cf8b49f9-f5ee-44c9-8f44-a2bc7404754f.png,drop
8c17f720-b03d-4252-9e22-e8d5c4baa95c.png,drop
125c11b6-de96-4435-8466-d30ba7a66a6c.png,drop
66a5c779-af98-4a84-befb-1736001a38f7.png,drop
a71f0d6e-188f-474a-b85d-9abfcae979c9.png,drop
d9c97550-307c-4916-8d7d-12a75e35c0e9.png,drop
3ae5f59d-6ca0-4d0f-8c5e-792dd727c7cd.png,drop
524b7de6-03b3-4063-8f8e-a7d1ade5f9a8.png,drop
8aade578-7f82-45ae-8de1-9bb6d309cf20.png,drop
41789fc5-9d23-42f9-8411-f2296894b148.png,drop
4a123770-c92a-460d-b9b8-bfb67c5e32f0.png,drop
057b69fc-3e8a-4329-b852-ae8f99a0518e.png,drop
4777156d-6e58-44d8-97ed-eb6c117a9ae0.png,drop
f9a42ba5-489a-4dc7-ba67-9e247b7edfd5.png,drop
fd0224c6-1e0f-4a74-b54f-8601bc7a1973.png,drop
8947d120-3cd2-43a8-b380-5e907a19d507.png,drop
04f65626-4e53-432b-9365-55e5655f381b.png,drop
87aee25a-08e3-49e4-9052-9fa1c907e943.png,drop
2c5894e3-35d8-4a31-8707-eece2539a5fe.png,drop
9d30fc71-e77e-4592-94f6-16075ee43139.png,drop
9cfc6927-ddbc-45e9-933b-42b5a93402bc.png,drop
0896663c-e5f1-471a-99eb-c3ce9bd44208.png,drop
bf0ba258-ed33-4ede-9efd-aa9024689c12.png,drop
a1d24715-47a9-4230-89d1-0ce3bf8a0567.png,drop
2a8a200a-ace9-4a63-8f47-77527ab40fcf.png,drop
7c9d5c6b-ea75-48d9-bdd3-2aabbbf6b827.png,drop
f2ced56a-7887-45e9-b2a9-76b48f9bf23e.png,drop
33f6e277-5bed-4251-8f76-64e1d98d7a7a.png,drop
430bce16-c737-4305-b6a8-b7951700ec6a.png,drop
faabcfcc-3eb9-4aca-9282-19468818c4e9.png,drop
e138c319-0314-4616-8d01-88526bbaab3a.png,drop
59604ecd-ff57-49c2-a0e6-a624e16a720b.png,drop
adc2e1cf-b2ef-4adf-8efb-e2e53ac3551e.png,drop
dd7f94f9-edbb-4897-8bd8-4052f367d1d5.png,drop
133676c0-14af-4ed5-9d59-ed0c59cdb0d6.png,drop
d58691f9-abc3-4e05-a543-b508ed717872.png,drop
d2abb8f0-5d4a-4a62-b748-08c660f8f2b7.png,drop
c0a53205-6344-426c-bfbd-d3628e44434d.png,drop
ead2bada-fb34-4888-bed2-a89dcb500435.png,drop
4d87132f-f0ef-4fa3-8623-e85249531db1.png,drop
f1af5c7e-6c3d-4538-905c-1164b1350754.png,drop
2d8ad6a9-37ab-4c75-a367-7feed506cfda.png,drop
9b44da61-c606-4811-bf77-b7a2e9ae01e8.png,drop
6740abad-5975-4644-bad0-d33078c04496.png,drop
85bb37b4-9db8-450f-8dbe-ab8493938dfc.png,drop
94644245-daa0-41f9-a7c4-88bdb7efe19c.png,drop
6bbdb42f-8de7-4d14-bc11-48c2c64180c3.png,drop
c3256c85-7f7c-4307-ae0b-df88c0c56f51.png,drop
3ca4c64d-1506-44a9-9e85-bd7c9a61a3be.png,drop
21f78746-cf1e-4a32-853f-9190fa762747.png,drop
619f2c66-17d6-4f6d-a768-0f7b1684bd22.png,drop
a73d58d1-39c7-44a9-80b7-95bf27b98630.png,drop
bd77b61d-b28b-40cf-bed6-ce7152db7cb7.png,drop
32e044ce-0aef-42a0-a4a4-93a9350eaa5a.png,drop
5966a13f-e658-4058-a65e-e1133a005058.png,drop
2ef21773-330d-4206-9c89-0ce671adfb4b.png,drop
a31c0165-eebc-4569-a425-0d9a4c074559.png,drop
3d34c989-ea97-4624-9e3a-881986752ed8.png,drop
d2445b91-b97c-4026-9c7f-2072a4a5ad40.png,drop
e4996668-902f-406b-a70b-91c6da29e637.png,drop
b940cfe9-e151-45c7-9f85-4d021e8e771e.png,drop
bcbbfe76-ef1b-4617-87f9-eff96510f913.png,drop
34274de5-c532-4546-b9ca-8721ebd74353.png,drop
83cec460-6dd9-49bd-8286-0b22471bbf0c.png,drop
0c1ac472-724d-41fe-a8b4-497c977b1707.png,drop
ff290e10-81c8-4c77-a191-8c519609fc87.png,drop
a8a86017-eb22-4c05-8429-8fa4e33266b2.png,drop
78e4e96c-5d26-48d9-a572-26540cf8043d.png,drop
9d04857f-b545-4d6e-b1a7-380d217e6fdc.png,drop
42b8de34-11f2-467d-8f3a-5a3637640483.png,drop
f5a2badf-aaab-401f-8b2c-9c983bb072e9.png,drop
cbb79ac0-7898-45cf-a0a0-28d9d70c8d6c.png,drop
913bab4f-8f9c-4a00-8c33-9dc28e1eab53.png,drop
0473ba3c-7d25-46f3-a623-50e6dccfc146.png,drop
1c057a4f-c7f5-43d9-aea6-9f860e8182c2.png,drop
95540b70-7173-4805-b0ce-3b7fdb495722.png,drop
6e093187-5126-48a6-9fa1-ea0e5fbf88f8.png,drop
dc264695-5b42-4547-b9b8-a5acaa4e63f2.png,drop
8685e7a3-5995-40fb-a2d3-f118f0029235.png,drop
770a3ce0-dbbb-4ecf-bfe4-e959bfbe560f.png,drop
328c7798-0398-4bef-9fda-4fd79302ed43.png,drop
dcab4cec-0aa7-4078-a912-568d1c1c613f.png,drop
2dc23734-43a1-4c8f-9352-25666ea3d880.png,drop
989c1604-abcb-41a2-89a4-0bd7f8b71011.png,drop
052321c2-0ef5-432a-87c0-e234198ea6a0.png,drop
f9b21e23-97fb-4a6b-9922-9e6e9b82acc2.png,drop
647c130a-5934-42a9-ae5f-de87dfbe8a67.png,drop
39693247-f2f6-4930-9b78-c61a13ee7074.png,drop
28a2212d-f103-48d5-9f6b-7cf896cdea24.png,drop
b30a5075-a996-42f4-8f83-2b84f04622a9.png,drop
592c9bf4-eed4-41da-b5be-746ecdad4098.png,drop
393a0f9e-8014-4ec9-95a3-9f5bc45c15b9.png,drop
0059e9ae-f8ca-489a-ba05-dbcdf3cea44d.png,drop
8cddc92e-07e4-4b41-9752-b7a2d5cf54ac.png,drop
86747739-275d-4581-a1a1-bfea222112d8.png,drop
456075d5-7005-44dd-a94e-f96f669785e2.png,drop
cc006aba-3296-443c-83ed-646a52253329.png,drop
7686879c-9b34-41bd-a921-980a7d9a8b46.png,drop
2f9526a9-3043-49cc-b372-e7c513b447b5.png,drop
ecb1d4b5-9383-4264-82f0-a629f519e593.png,drop
43aa6b8d-36b5-4978-98cb-aecc0bb416ef.png,drop
4f2d297b-c121-432a-9fb0-63367a5c382b.png,drop
1a12ee2a-007b-43da-889e-c251040b68a4.png,drop
019bb3e2-ad8c-47ee-9692-e5d473494740.png,drop
1ecfb160-07c3-489e-bed7-6fd130ae32bb.png,drop
eaf5bf5c-7170-4bdf-866f-dc14498b0596.png,drop
813f4bf6-fda4-41ca-9003-4bdfb2d2ba01.png,drop
60050686-cbcf-4402-bc46-bcdc079202af.png,drop
39f2354b-c559-4e9f-b8b1-eef33b744075.png,drop
948547ab-f2aa-4359-bb12-259cee6facba.png,drop
44ba291d-96e6-43ce-8283-e4482de96f7d.png,drop
2d9ca61c-254f-4eac-a046-418074a3acda.png,drop
e1bd9765-2f35-4052-becc-30a7323011aa.png,drop
d9fb6fe2-b16a-43be-8ad3-4d4dd41d0c7b.png,drop
8fdb3554-a9b8-48c1-9420-31a6e7a384ba.png,drop
8680b5ec-c56f-4a24-aa39-641876eba378.png,drop
8bf610be-1ee2-43b8-b9bb-c77a4134c0ff.png,drop
b1bf7138-9cd7-456e-baf1-b3c1a341ad47.png,drop
2743c254-855d-4fc5-bdf3-6011260a2bff.png,drop
151a68fa-f2b0-43d0-b472-8aa77cb1b99a.png,drop
7233911f-426d-452a-b3bc-62a25b4ef8c3.png,drop
f8e1ed1d-e53b-4b4d-afb7-5b294fd09567.png,drop
4631fe6f-9f81-443a-b046-d96a9dce9ab7.png,drop
0aff6fc4-e8ad-4e0e-a7d7-70845918e396.png,drop
9945d9be-86f9-4862-89b7-b1083d5a0452.png,drop
b35df262-2089-4385-9c77-7366f339ca3a.png,drop
dec88bd2-80de-4615-a208-adec4fb2740a.png,drop
51ef6c94-d3f0-404d-bfce-bd5c77d268ab.png,drop
f01b898d-1426-4b78-b36d-f5360b6cd18a.png,drop
9e6518e6-5e5f-4a92-adfb-9ef874e463f0.png,drop
4875d280-2b39-4f6f-8e56-245fcab230cb.png,drop
327b735a-0a92-4fae-b522-59da331060db.png,drop
f9ada28a-b611-4f21-9ea8-299e7735fa60.png,drop
ebfc6e48-be11-4e6e-85d1-c353fe351e6c.png,drop
dc9801a7-5df0-4629-9772-022274e3378b.png,drop
b1e9d7fd-2303-44d2-84ec-1209435e37b9.png,drop
21ecb119-6365-42e0-b61f-47e8f27e6d67.png,drop
6619669e-3040-4866-bdad-3085bddb4f16.png,drop
ec1fc6f9-6f04-40bc-8512-6ad44db835e4.png,drop
cde25f61-800f-43b8-aea2-5960106f83e1.png,drop
ed94e804-8ace-49bf-9ffe-664b3e036df5.png,drop
ba380231-3b1b-472c-85a1-0e5ab70df060.png,drop
caf1fd67-e241-4dc1-9324-d9c16cf8263e.png,drop
2e62a21e-a2bb-49db-8713-f00af52973f5.png,drop
c74fc82e-d18b-47c2-b392-b46f6183ba19.png,drop
78750541-7e91-4f6a-95f9-cb6cab53e459.png,drop
3617eee1-bbe2-49c9-9da5-d148a1311f56.png,drop
6eac0ba9-9b73-463b-ae5d-457e35392e23.png,drop
9bca5d17-7337-4bdd-9193-e8b9402bee23.png,drop
f4dca4bd-efd2-4deb-a2de-1cdd4ed119e2.png,drop
c7687bbd-c721-4656-8e08-3258e0458194.png,drop
2a003206-6bbb-41d1-abe8-352530d70c73.png,drop
7e819e81-c06b-40ff-b0e1-f2eed83ab201.png,drop
98e33ea7-2853-4fd8-94b4-118d44e1f7e3.png,drop
01d947a4-5756-497c-895e-5aa152845130.png,drop
ff740231-40fb-4091-942a-a4cfa1b0b33b.png,drop
dc3ca405-de38-4513-85de-68aaa8a719a9.png,drop
32e2af8e-b2b6-4622-84ee-11ffa877ee9a.png,drop
50cbd184-8455-4a28-9d10-e98a46a3f59e.png,drop
574a1bc7-40b6-46b4-8713-f4dd8b87ca55.png,drop
ecd94e4b-2fc4-464d-8720-1c9c399fe7ff.png,drop
2f60b67a-c055-4da6-93c1-96fc5f9a2b54.png,drop
09cbceb4-c127-42be-a293-03b416d01af9.png,drop
80bdcc58-7264-41a5-ab9d-ae213984de92.png,drop
8f15a54a-096d-43b7-819e-49160f5f57f0.png,drop
4fea02d8-01ad-4d51-9544-7bc571f7573d.png,drop
9da30d9c-2dd4-49d7-8c15-cb4a0db2ebf1.png,drop
a49d9143-1e81-43ed-8060-b6a00694c299.png,drop
55d5aa78-d26b-4a7e-b64c-b5dd29693065.png,drop
d70a8b10-8c55-4297-af21-7adce1093cbe.png,drop
c42b0d8e-d49f-426c-aed5-07160a36bb0e.png,drop
5e686597-4cc8-4afa-9d55-b5f62540372e.png,drop
bda11109-0962-4468-b396-571053124307.png,drop
f6348fcb-f842-4fdf-9dab-0ee469e57ab9.png,drop
dac03009-07a2-4fa5-bfbf-588782d0f167.png,drop
cfcacb25-6074-4cc0-b4c9-14929c4c8fb1.png,drop
ee47fc14-0f70-4c15-a68e-6795b5f53977.png,drop
9f66a427-fbe8-46ab-9bb3-da98b214ac8c.png,drop
67205ffd-4f8a-4644-b482-1712accf03db.png,drop
c3eedaf3-5547-49f8-99ff-8ac481ecc41e.png,drop
996a7ddd-5183-4a18-842c-64f51c28cbe6.png,drop
4a93ade7-5520-4c72-afb3-e55e31997160.png,drop
b9036353-4600-4909-b82f-8fc9e5410a70.png,drop
63f40208-9cf0-43d4-8d29-f2f9c6f657af.png,drop
476ec014-c431-4c80-90d0-42b8d76b9b47.png,drop
825a399d-bb80-4350-9f5b-56756b57d877.png,drop
1ebc4b0f-a40a-4942-96ea-c9cbba999bdf.png,drop
fdabf498-273b-4c57-b632-bb855a843db8.png,drop
4ee36473-ad36-47d5-8fd6-833c5a267752.png,drop
4758a078-fc31-47ba-8641-a437372772c9.png,drop
2075d75a-d81d-49a7-892e-75b54a4077da.png,drop
026564bc-335d-4eb2-92e8-406537541eeb.png,drop
48ef1441-dc8a-4f2e-85af-55d1da30a455.png,drop
03b882af-d2bd-4582-a175-e0662478b8dc.png,drop
1e1c49f9-876a-42ab-83e1-ff0dd49caae3.png,drop
5dd3a486-69b0-4e90-aeac-2d6210685088.png,drop
f6b897c4-1cf0-47a1-be06-5271efef778d.png,drop
d637c8e9-38e2-47d3-8306-a274c4c143dc.png,drop
72048c30-f541-41a3-a517-3d3c2ff6e07c.png,drop
9b607103-e104-485b-a007-46ccf9e26d29.png,drop
613642b6-3655-49f7-8360-a9f584ee6004.png,drop
ef7fcbf8-8c0b-4af2-812b-f87d7302d7b7.png,drop
d48fd2d1-83b5-41b0-92d5-8fe3fc639a76.png,drop
091b70f6-33cf-4732-9aa6-b8fbabcc3e2c.png,drop
d5504657-0107-4cc6-9ed4-ab8b6bbcdad8.png,drop
209c8028-499b-4e21-809d-7e15502cde81.png,drop
a8f30bb6-4551-462d-9b52-9fd5eacfac24.png,drop
9ced10da-bce4-4328-b7cb-c21d0d206d65.png,drop
6c95a153-38d9-40a8-a654-b11357728f07.png,drop
10519953-099a-48cd-b943-defb2794d792.png,drop
113ab6a1-4c67-4807-9bea-7775d83e0439.png,drop
cf2158c8-c503-4e0f-9030-e88cbf4df289.png,drop
2c45311d-4a04-485d-8f39-f21499ed3013.png,drop
b3a51261-821b-476e-a5b2-3d2ebc0174a9.png,drop
d3d439cc-96e8-45a0-a831-bb1fc12be6e2.png,drop
0721b846-06a6-45af-8b38-9886f516cfc3.png,drop
d3a50171-d835-4cb4-bf97-9f2af49d7572.png,drop
d2073ea0-4a7d-4d7a-bf96-0779bb59aff6.png,drop
0d386797-a776-4305-9456-3f764f649d4a.png,drop
011a84ea-82cd-41af-84ef-f3a077b824b4.png,drop
955de93a-7708-4196-b946-453e4084775a.png,drop
f07e6f35-93cd-4a4b-9c5a-031c9fbf5f94.png,drop
9bba0974-0763-489b-befd-cfa4f77c4d84.png,drop
1a3cd943-88a7-4db3-a492-ee25d6ca1afd.png,drop
7ac460d8-3ea5-447c-87ae-893d6478b92c.png,drop
644f81b0-c40a-4a45-b80d-b6a9d651c0ce.png,drop
7f4e4d9f-ffc4-43bb-9eac-cd15ddfe8e06.png,drop
d391a7e3-8906-4a1f-9d49-be5256324fb6.png,drop
654a6cc2-04b0-4d55-9c18-599cb717d058.png,drop
e248f46e-f628-4318-a112-b1dcf1d68a61.png,drop
8cd2830a-2bf6-4bb3-bb35-707505c8517b.png,drop
4f7437c0-a53a-446e-b58c-17b201d85aa3.png,drop
1b6d6124-380c-4af6-b7f8-ef09e90318b6.png,drop
9f501019-f4c1-4825-af32-99d1ca670fd6.png,drop
32d6320b-1c5c-40f0-bfed-180d7415d376.png,drop
8530920a-a6c9-4aae-b701-4771f30eddb8.png,drop
fbe02752-7f2e-4c47-bcc3-0f9611b846bc.png,drop
1b7c925d-f517-45db-99f6-2ffbf943514b.png,drop
8890647f-5314-4a6d-95dc-68973dbcc0d1.png,drop
dceafe9c-faad-4955-92ab-1e000879dfbe.png,drop
92fe6482-7492-4ec7-b4e7-05f916ccfa75.png,drop
4989a6b0-bf26-456e-a41c-efbd2b139a68.png,drop
5037fef7-f6bd-464b-9f8b-f72ce489687f.png,drop
cb2f32e2-d565-4927-9b25-5aeb7d4a89c4.png,drop
027558b6-f6a0-48c6-b9da-dd4ad072252a.png,drop
484a4f41-a2b3-4bf2-ae28-c473b4a407fd.png,drop
1637f8f3-2cd1-42b8-b23b-30ac8fae0d29.png,drop
b24087ab-d6fc-4ac3-be34-61c6d0bd4aec.png,drop
df3e4416-edf3-40ee-9b0b-b99a4c4ee410.png,drop
f2d1bb63-53e5-4a8c-8013-5058ab979b66.png,drop
b82dbb62-0d46-4c71-b041-ced04096c587.png,drop
860b3966-76ae-4b9b-bfb7-7ad63e48485a.png,drop
ab188f84-a7bf-4845-9930-28f2982bdbbd.png,drop
1c798d2e-4e6b-4622-b3d9-d5b7ca0160a7.png,drop
4a11c521-fbbc-4255-a690-68885d2022d1.png,drop
5cd0aaf8-7766-45bc-8af7-883924714759.png,drop
a6bef676-cc28-4986-8569-3333ae2dcd4f.png,drop
9adb5b29-de0f-4bd5-9beb-fada604fe31e.png,drop
62e2ae06-cec4-41ad-ab9b-0cbe9708d575.png,drop
614f1f6c-c15b-41f5-a2ff-dfb5d97b2f5e.png,drop
41db15ca-d070-42b2-b355-3d67bfb84994.png,drop
4d9563db-2fe3-4be7-a55a-1b4cd6edcca0.png,drop
fa03727e-5de4-4149-805d-50c621f10985.png,drop
e0c49591-119e-4f41-a995-5bc05be1baac.png,drop
3448d1d0-2178-472c-80a5-739ee836689e.png,drop
0e7de8aa-881c-4bdf-a4e7-294aade1c990.png,drop
818b58de-5f8d-4769-a9ae-5c53943a79ef.png,drop
796e1c65-c594-4b1b-bc1e-bc397e361365.png,drop
c74d68e6-ddd8-4f16-8383-5c64feac4f6b.png,drop
7cd3d335-fa63-46d5-96f9-bd269d0ebb0a.png,drop
dadf5614-c2da-4e40-9423-71cad80925e4.png,drop
98f16dce-6d82-4cdc-88c8-d6eb6b79699e.png,drop
9ec507b6-a6d7-4fcc-8b70-c283cb289ba7.png,drop
8280b319-48cb-46e9-b488-1d0838cfb7d9.png,drop
bf90213b-bd83-4fbc-aa53-96ef6a68f9ee.png,drop
593c0434-6881-49fd-a054-725ef93b38db.png,drop
e4cc4739-71eb-40bc-a233-dd145548aa55.png,drop
db16bc94-b6f9-4aa0-8b06-7f9ce9daa391.png,drop
94481da1-904a-4ecc-8128-685c74268c89.png,drop
26711b26-7537-4c5e-8b3c-3e9a70a7ef28.png,drop
3d668341-b100-4b35-83de-2916bc02720a.png,drop
0e5f891f-5249-4007-af23-829b77e18429.png,drop
2c98ef63-eac2-4929-aefb-ca90d95534b2.png,drop
dd565e78-6f5f-451a-8dd9-1454d4417a88.png,drop
70720a35-94ed-4306-814c-02b47406c981.png,drop
609e5983-51be-49e0-bb48-e96d68181129.png,drop